name,team,bye,CBSprojected,pos,ESPNprojected,NFLprojected,YAHOOprojected
Lamar Jackson,BAL,7,415.0,QB,355.0,355.0,367.0
Patrick Mahomes,KC,10,398.2,QB,330.2,330.2,339.2
Dak Prescott,DAL,10,379.6,QB,323.6,323.6,335.6
Russell Wilson,SEA,6,370.1,QB,310.1,310.1,318.1
Kyler Murray,ARI,8,351.5,QB,301.5,301.5,314.5
Deshaun Watson,HOU,8,349.6,QB,299.6,299.6,312.6
Drew Brees,NO,6,345.8,QB,296.4,296.4,307.4
Matt Ryan,ATL,10,342.8,QB,287.8,287.8,299.8
Josh Allen,BUF,11,340.4,QB,286.8,286.8,294.8
Carson Wentz,PHI,9,339.8,QB,281.8,281.8,289.8
Aaron Rodgers,GB,5,328.6,QB,276.6,276.6,282.6
Matthew Stafford,DET,5,327.1,QB,271.1,271.1,282.1
Tom Brady,TB,13,312.1,QB,258.1,258.1,270.8
Jared Goff,LAR,9,306.8,QB,256.8,256.8,268.1
Gardner Minshew,JAC,8,301.1,QB,255.3,255.3,267.3
Daniel Jones,NYG,11,299.8,QB,255.1,255.1,266.1
Cam Newton,NE,5,299.3,QB,249.8,249.8,263.8
Ryan Tannehill,TEN,4,297.1,QB,249.1,249.1,260.1
Kirk Cousins,MIN,7,293.2,QB,243.2,243.2,252.2
Ben Roethlisberger,PIT,4,291.5,QB,237.7,237.7,252.0
Jimmy Garoppolo,SF,11,289.7,QB,237.5,237.5,251.5
Joe Burrow,CIN,9,281.0,QB,235.0,235.0,249.7
Baker Mayfield,CLE,9,277.0,QB,230.4,230.4,244.0
Drew Lock,DEN,5,274.4,QB,229.0,229.0,242.4
Philip Rivers,IND,7,273.1,QB,225.1,225.1,241.1
Teddy Bridgewater,CAR,13,260.5,QB,216.5,216.5,231.5
Sam Darnold,NYJ,10,255.0,QB,214.9,214.9,225.0
Derek Carr,LV,6,254.9,QB,211.0,211.0,224.9
Dwayne Haskins,WAS,8,218.9,QB,186.9,186.9,198.9
Tyrod Taylor,LAC,6,199.5,QB,171.5,171.5,178.5
Nick Foles,CHI,11,186.7,QB,155.5,155.5,166.5
Ryan Fitzpatrick,MIA,7,185.5,QB,152.7,152.7,161.7
Tua Tagovailoa,MIA,7,130.8,QB,112.8,112.8,118.8
Mitchell Trubisky,CHI,11,106.6,QB,90.6,90.6,96.6
Justin Herbert,LAC,6,97.8,QB,83.8,83.8,89.8
Marcus Mariota,LV,6,42.1,QB,34.1,34.1,36.1
Jarrett Stidham,NE,5,34.3,QB,28.3,28.3,30.3
Jalen Hurts,PHI,9,28.7,QB,26.7,26.7,26.7
Taysom Hill,NO,6,25.8,QB,25.8,25.8,25.8
Mason Rudolph,PIT,4,24.8,QB,20.8,20.8,21.8
Will Grier,CAR,13,24.8,QB,20.8,20.8,21.8
Alex Smith,WAS,8,22.6,QB,18.6,18.6,18.6
Jake Luton,JAC,8,17.2,QB,15.2,15.2,17.2
Jordan Love,GB,5,15.6,QB,13.6,13.6,14.5
Colt McCoy,NYG,11,15.5,QB,13.5,13.5,14.1
Ryan Finley,CIN,9,15.2,QB,13.2,13.2,13.6
Sean Mannion,MIN,7,15.1,QB,13.1,13.1,13.2
Jeff Driskel,DEN,5,13.2,QB,11.2,11.2,13.2
AJ McCarron,HOU,8,13.0,QB,11.0,11.0,12.0
Case Keenum,CLE,9,12.7,QB,10.7,10.7,11.7
Blaine Gabbert,TB,13,11.7,QB,9.7,9.7,10.3
Logan Woodside,TEN,4,11.3,QB,9.3,9.3,10.1
Robert Griffin III,BAL,7,11.1,QB,9.1,9.1,9.7
Matt Barkley,BUF,11,9.7,QB,7.7,7.7,8.7
Jameis Winston,NO,6,6.8,QB,6.8,6.8,6.8
Chase Daniel,DET,5,5.8,QB,5.8,5.8,6.4
Nick Mullens,SF,11,5.4,QB,5.4,5.4,5.8
Andy Dalton,DAL,10,4.2,QB,4.2,4.2,4.2
Chad Henne,KC,10,3.3,QB,3.3,3.3,3.3
Christian McCaffrey,CAR,13,286.5,RB,286.5,286.5,340.0
Dalvin Cook,MIN,7,249.1,RB,249.1,249.1,280.6
Ezekiel Elliott,DAL,10,248.2,RB,248.2,248.2,277.7
Saquon Barkley,NYG,11,245.7,RB,245.7,245.7,277.7
Derrick Henry,TEN,4,245.5,RB,245.5,245.5,257.0
Alvin Kamara,NO,6,210.5,RB,210.5,210.5,251.5
Clyde Edwards-Helaire,KC,10,205.0,RB,205.0,205.0,233.5
Aaron Jones,GB,5,202.4,RB,202.4,202.4,227.9
Joe Mixon,CIN,9,201.1,RB,201.1,201.1,223.6
Kenyan Drake,ARI,8,192.9,RB,192.9,192.9,220.4
Miles Sanders,PHI,9,192.1,RB,192.1,192.1,220.1
Josh Jacobs,LV,6,190.9,RB,190.9,190.9,211.4
Nick Chubb,CLE,9,190.0,RB,190.0,190.0,209.5
Todd Gurley,ATL,10,186.9,RB,186.9,186.9,204.5
Chris Carson,SEA,6,185.2,RB,185.2,185.2,204.4
James Conner,PIT,4,177.1,RB,177.1,177.1,201.2
Austin Ekeler,LAC,6,174.0,RB,174.0,174.0,200.1
David Johnson,HOU,8,173.3,RB,173.3,173.3,196.8
Le'Veon Bell,NYJ,10,160.1,RB,160.1,160.1,188.1
Melvin Gordon,DEN,5,151.4,RB,151.4,151.4,170.9
Mark Ingram,BAL,7,151.2,RB,151.2,151.2,164.7
Jonathan Taylor,IND,7,141.2,RB,141.2,141.2,161.4
Leonard Fournette,TB,13,138.0,RB,138.0,138.0,157.5
Raheem Mostert,SF,11,136.1,RB,136.1,136.1,151.2
Antonio Gibson,WAS,8,134.4,RB,134.4,134.4,150.5
Cam Akers,LAR,9,133.0,RB,133.0,133.0,148.7
Devin Singletary,BUF,11,127.8,RB,127.8,127.8,146.1
Tevin Coleman,SF,11,125.6,RB,125.6,125.6,145.7
David Montgomery,CHI,11,124.7,RB,124.7,124.7,144.3
Marlon Mack,IND,7,122.3,RB,122.3,122.3,140.6
Kareem Hunt,CLE,9,119.7,RB,119.7,119.7,136.7
D'Andre Swift,DET,5,118.2,RB,118.2,118.2,136.4
James White,NE,5,116.2,RB,116.2,116.2,134.2
Matt Breida,MIA,7,113.1,RB,113.1,113.1,131.1
Phillip Lindsay,DEN,5,110.2,RB,110.2,110.2,129.8
J.K. Dobbins,BAL,7,106.4,RB,106.4,106.4,129.2
Duke Johnson,HOU,8,105.3,RB,105.3,105.3,126.8
Tarik Cohen,CHI,11,102.4,RB,102.4,102.4,114.9
Jordan Howard,MIA,7,101.3,RB,101.3,101.3,112.9
Latavius Murray,NO,6,99.4,RB,99.4,99.4,110.7
Kerryon Johnson,DET,5,96.7,RB,96.7,96.7,108.8
Zack Moss,BUF,11,91.5,RB,91.5,91.5,107.4
Ronald Jones,TB,13,90.1,RB,90.1,90.1,102.1
Chris Thompson,JAC,8,81.4,RB,81.4,81.4,99.5
Boston Scott,PHI,9,79.1,RB,79.1,79.1,93.1
Alexander Mattison,MIN,7,78.4,RB,78.4,78.4,90.9
Chase Edmonds,ARI,8,75.1,RB,75.1,75.1,89.4
Damien Harris,NE,5,74.7,RB,74.7,74.7,85.1
Sony Michel,NE,5,74.3,RB,74.3,74.3,84.8
Jamaal Williams,GB,5,72.4,RB,72.4,72.4,84.4
Justin Jackson,LAC,6,72.4,RB,72.4,72.4,82.2
AJ Dillon,GB,5,71.5,RB,71.5,71.5,81.9
Darrynton Evans,TEN,4,71.3,RB,71.3,71.3,81.1
Darrel Williams,KC,10,70.6,RB,70.6,70.6,81.0
Adrian Peterson,DET,5,70.2,RB,70.2,70.2,80.3
Tony Pollard,DAL,10,69.5,RB,69.5,69.5,79.6
Darrell Henderson,LAR,9,67.1,RB,67.1,67.1,78.4
Nyheim Hines,IND,7,65.9,RB,65.9,65.9,78.0
Jalen Richard,LV,6,63.4,RB,63.4,63.4,75.2
Ryquell Armstead,JAC,8,62.0,RB,62.0,62.0,74.7
Malcolm Brown,LAR,9,61.6,RB,61.6,61.6,69.0
Carlos Hyde,SEA,6,60.5,RB,60.5,60.5,68.8
Giovani Bernard,CIN,9,59.2,RB,59.2,59.2,68.4
Devine Ozigbo,JAC,8,58.3,RB,58.3,58.3,67.1
Peyton Barber,WAS,8,58.2,RB,58.2,58.2,66.3
Dion Lewis,NYG,11,55.4,RB,55.4,55.4,63.5
Joshua Kelley,LAC,6,55.0,RB,55.0,55.0,63.5
Anthony McFarland Jr.,PIT,4,53.8,RB,53.8,53.8,63.2
Benny Snell,PIT,4,53.6,RB,53.6,53.6,59.6
James Robinson,JAC,8,53.3,RB,53.3,53.3,59.5
Brian Hill,ATL,10,53.0,RB,53.0,53.0,59.3
Jerick McKinnon,SF,11,47.7,RB,47.7,47.7,57.1
Rex Burkhead,NE,5,47.6,RB,47.6,47.6,56.2
Royce Freeman,DEN,5,44.2,RB,44.2,44.2,54.2
Frank Gore,NYJ,10,44.1,RB,44.1,44.1,50.1
Jaylen Samuels,PIT,4,39.1,RB,39.1,39.1,48.1
Mike Davis,CAR,13,38.5,RB,38.5,38.5,44.1
Rashaad Penny,SEA,6,34.6,RB,34.6,34.6,43.5
Lynn Bowden Jr.,MIA,7,32.1,RB,32.1,32.1,37.6
Ito Smith,ATL,10,29.8,RB,29.8,29.8,34.3
La'Mical Perine,NYJ,10,28.3,RB,28.3,28.3,34.3
Mike Boone,MIN,7,27.0,RB,27.0,27.0,31.0
LeSean McCoy,TB,13,26.0,RB,26.0,26.0,29.0
Gus Edwards,BAL,7,25.2,RB,25.2,25.2,28.9
Bryce Love,WAS,8,24.8,RB,24.8,24.8,27.8
Travis Homer,SEA,6,22.9,RB,22.9,22.9,26.2
Corey Clement,PHI,9,22.4,RB,22.4,22.4,24.9
Jeff Wilson,SF,11,20.8,RB,20.8,20.8,23.3
Ryan Nall,CHI,11,20.4,RB,20.4,20.4,22.5
Darwin Thompson,KC,10,19.3,RB,19.3,19.3,22.3
Justice Hill,BAL,7,19.0,RB,19.0,19.0,21.9
Patrick Laird,MIA,7,14.9,RB,14.9,14.9,19.3
T.J. Yeldon,BUF,11,14.3,RB,14.3,14.3,18.9
Tyler Ervin,GB,5,12.8,RB,12.8,12.8,18.8
Trayveon Williams,CIN,9,12.2,RB,12.2,12.2,15.1
DeeJay Dallas,SEA,6,12.1,RB,12.1,12.1,14.1
Khari Blasingame,TEN,4,11.4,RB,11.4,11.4,13.7
Ke'Shawn Vaughn,TB,13,11.1,RB,11.1,11.1,13.4
D'Ernest Johnson,CLE,9,11.0,RB,11.0,11.0,12.5
Wayne Gallman,NYG,11,10.1,RB,10.1,10.1,11.1
Eno Benjamin,ARI,8,10.0,RB,10.0,10.0,11.0
Ty Montgomery,NO,6,9.7,RB,9.7,9.7,10.5
Buddy Howell,HOU,8,9.5,RB,9.5,9.5,10.2
Jordan Wilkins,IND,7,6.3,RB,6.3,6.3,7.3
Qadree Ollison,ATL,10,5.9,RB,5.9,5.9,6.9
Michael Thomas,NO,6,201.8,WR,201.8,201.8,266.8
Davante Adams,GB,5,192.2,WR,192.2,192.2,242.2
Julio Jones,ATL,10,182.1,WR,182.1,182.1,231.1
Tyreek Hill,KC,10,165.4,WR,165.4,165.4,208.0
Kenny Golladay,DET,5,161.4,WR,161.4,161.4,203.4
DeAndre Hopkins,ARI,8,160.5,WR,160.5,160.5,199.9
Adam Thielen,MIN,7,152.8,WR,152.8,152.8,195.3
Robert Woods,LAR,9,152.3,WR,152.3,152.3,194.1
JuJu Smith-Schuster,PIT,4,152.1,WR,152.1,152.1,193.8
A.J. Brown,TEN,4,151.0,WR,151.0,151.0,189.9
Chris Godwin,TB,13,150.4,WR,150.4,150.4,188.4
DeVante Parker,MIA,7,149.4,WR,149.4,149.4,188.0
Amari Cooper,DAL,10,148.5,WR,148.5,148.5,187.0
Odell Beckham Jr.,CLE,9,147.0,WR,147.0,147.0,186.0
Cooper Kupp,LAR,9,146.6,WR,146.6,146.6,185.6
Tyler Lockett,SEA,6,145.7,WR,145.7,145.7,184.0
Calvin Ridley,ATL,10,144.6,WR,144.6,144.6,183.1
Courtland Sutton,DEN,5,142.6,WR,142.6,142.6,182.7
D.J. Moore,CAR,13,142.5,WR,142.5,142.5,182.2
Mike Evans,TB,13,142.1,WR,142.1,142.1,182.0
Keenan Allen,LAC,6,140.7,WR,140.7,140.7,179.1
Allen Robinson,CHI,11,140.5,WR,140.5,140.5,175.2
T.Y. Hilton,IND,7,138.7,WR,138.7,138.7,175.1
A.J. Green,CIN,9,138.6,WR,138.6,138.6,174.6
DK Metcalf,SEA,6,137.7,WR,137.7,137.7,171.2
D.J. Chark,JAC,8,131.9,WR,131.9,131.9,169.2
Terry McLaurin,WAS,8,131.5,WR,131.5,131.5,167.9
Jarvis Landry,CLE,9,129.5,WR,129.5,129.5,165.0
Michael Gallup,DAL,10,129.5,WR,129.5,129.5,165.0
Julian Edelman,NE,5,128.7,WR,128.7,128.7,160.0
Stefon Diggs,BUF,11,128.0,WR,128.0,128.0,159.0
Tyler Boyd,CIN,9,119.6,WR,119.6,119.6,156.1
Brandin Cooks,HOU,8,119.3,WR,119.3,119.3,152.8
Marquise Brown,BAL,7,119.1,WR,119.1,119.1,151.1
Jamison Crowder,NYJ,10,113.5,WR,113.5,113.5,151.0
Christian Kirk,ARI,8,111.4,WR,111.4,111.4,144.4
Henry Ruggs III,LV,6,110.2,WR,110.2,110.2,140.3
DeSean Jackson,PHI,9,109.4,WR,109.4,109.4,139.7
Sterling Shepard,NYG,11,107.3,WR,107.3,107.3,136.7
Diontae Johnson,PIT,4,106.9,WR,106.9,106.9,135.9
Marvin Jones,DET,5,106.2,WR,106.2,106.2,135.9
Will Fuller,HOU,8,105.4,WR,105.4,105.4,131.9
John Brown,BUF,11,104.6,WR,104.6,104.6,129.6
Deebo Samuel,SF,11,100.6,WR,100.6,100.6,127.1
Emmanuel Sanders,NO,6,100.1,WR,100.1,100.1,126.6
Anthony Miller,CHI,11,97.1,WR,97.1,97.1,123.6
Golden Tate,NYG,11,95.5,WR,95.5,95.5,122.5
Darius Slayton,NYG,11,94.5,WR,94.5,94.5,118.1
Corey Davis,TEN,4,93.1,WR,93.1,93.1,118.0
Allen Lazard,GB,5,92.5,WR,92.5,92.5,117.6
Curtis Samuel,CAR,13,92.0,WR,92.0,92.0,117.5
Preston Williams,MIA,7,91.5,WR,91.5,91.5,117.5
Michael Pittman Jr.,IND,7,91.1,WR,91.1,91.1,116.5
Mike Williams,LAC,6,88.7,WR,88.7,88.7,115.0
Cole Beasley,BUF,11,88.5,WR,88.5,88.5,111.0
Sammy Watkins,KC,10,85.7,WR,85.7,85.7,109.7
Jerry Jeudy,DEN,5,84.7,WR,84.7,84.7,109.7
CeeDee Lamb,DAL,10,83.6,WR,83.6,83.6,108.7
Danny Amendola,DET,5,80.5,WR,80.5,80.5,105.6
Breshad Perriman,NYJ,10,80.3,WR,80.3,80.3,102.7
Jalen Reagor,PHI,9,80.2,WR,80.2,80.2,101.3
N'Keal Harry,NE,5,77.5,WR,77.5,77.5,99.0
Bryan Edwards,LV,6,77.5,WR,77.5,77.5,98.9
Robby Anderson,CAR,13,77.4,WR,77.4,77.4,98.5
Justin Jefferson,MIN,7,73.5,WR,73.5,73.5,97.0
Larry Fitzgerald,ARI,8,71.5,WR,71.5,71.5,96.0
Mecole Hardman,KC,10,71.5,WR,71.5,71.5,87.9
Parris Campbell,IND,7,68.9,WR,68.9,68.9,86.6
Steven Sims,WAS,8,68.1,WR,68.1,68.1,86.2
Brandon Aiyuk,SF,11,67.5,WR,67.5,67.5,85.1
Hunter Renfrow,LV,6,66.7,WR,66.7,66.7,84.5
Chris Conley,JAC,8,66.6,WR,66.6,66.6,84.2
Tee Higgins,CIN,9,66.2,WR,66.2,66.2,83.5
Russell Gage,ATL,10,61.5,WR,61.5,61.5,82.2
Laviska Shenault,JAC,8,60.7,WR,60.7,60.7,78.0
Randall Cobb,HOU,8,60.2,WR,60.2,60.2,75.6
John Ross,CIN,9,59.1,WR,59.1,59.1,75.2
Kendrick Bourne,SF,11,58.6,WR,58.6,58.6,72.9
Jakeem Grant,MIA,7,56.9,WR,56.9,56.9,72.1
James Washington,PIT,4,53.5,WR,53.5,53.5,71.6
Olabisi Johnson,MIN,7,53.5,WR,53.5,53.5,70.5
Alshon Jeffery,PHI,9,52.4,WR,52.4,52.4,66.5
Adam Humphries,TEN,4,52.1,WR,52.1,52.1,65.9
Marquez Valdes-Scantling,GB,5,49.7,WR,49.7,49.7,64.6
Jakobi Meyers,NE,5,49.6,WR,49.6,49.6,63.7
Miles Boykin,BAL,7,48.5,WR,48.5,48.5,62.4
Van Jefferson,LAR,9,46.9,WR,46.9,46.9,61.0
Kenny Stills,HOU,8,46.5,WR,46.5,46.5,60.9
Josh Reynolds,LAR,9,45.5,WR,45.5,45.5,59.5
Willie Snead,BAL,7,45.5,WR,45.5,45.5,59.0
Phillip Dorsett,SEA,6,44.9,WR,44.9,44.9,58.3
Dede Westbrook,JAC,8,44.4,WR,44.4,44.4,57.9
Chase Claypool,PIT,4,44.2,WR,44.2,44.2,57.5
Keelan Cole,JAC,8,43.3,WR,43.3,43.3,56.2
Tim Patrick,DEN,5,43.3,WR,43.3,43.3,53.8
Dontrelle Inman,WAS,8,40.8,WR,40.8,40.8,53.3
Tre'Quan Smith,NO,6,39.7,WR,39.7,39.7,50.6
Chris Hogan,NYJ,10,39.6,WR,39.6,39.6,49.7
Riley Ridley,CHI,11,37.6,WR,37.6,37.6,48.1
Demarcus Robinson,KC,10,37.5,WR,37.5,37.5,47.4
JJ Arcega-Whiteside,PHI,9,36.9,WR,36.9,36.9,47.0
Zach Pascal,IND,7,36.6,WR,36.6,36.6,47.0
David Moore,SEA,6,36.5,WR,36.5,36.5,46.5
Rashard Higgins,CLE,9,36.5,WR,36.5,36.5,46.1
Joe Reed,LAC,6,36.2,WR,36.2,36.2,45.6
Andy Isabella,ARI,8,36.1,WR,36.1,36.1,45.2
Damiere Byrd,NE,5,35.6,WR,35.6,35.6,45.1
Devin Duvernay,BAL,7,34.4,WR,34.4,34.4,44.9
Equanimeous St. Brown,GB,5,33.6,WR,33.6,33.6,42.6
Denzel Mims,NYJ,10,31.5,WR,31.5,31.5,42.0
Scotty Miller,TB,13,31.5,WR,31.5,31.5,41.5
Antonio Gandy-Golden,WAS,8,30.5,WR,30.5,30.5,40.0
Cordarrelle Patterson,CHI,11,28.1,WR,28.1,28.1,37.5
Trent Taylor,SF,11,28.0,WR,28.0,28.0,36.0
Tajae Sharpe,MIN,7,27.9,WR,27.9,27.9,35.9
Greg Ward,PHI,9,27.5,WR,27.5,27.5,35.4
Andre Roberts,BUF,11,27.4,WR,27.4,27.4,34.2
Christian Blake,ATL,10,26.4,WR,26.4,26.4,34.1
KeeSean Johnson,ARI,8,26.2,WR,26.2,26.2,33.4
Nelson Agholor,LV,6,24.9,WR,24.9,24.9,32.4
Pharoh Cooper,CAR,13,24.4,WR,24.4,24.4,31.4
Auden Tate,CIN,9,23.7,WR,23.7,23.7,30.7
Javon Wims,CHI,11,21.5,WR,21.5,21.5,28.5
Ted Ginn Jr.,CHI,11,20.6,WR,20.6,20.6,27.6
KJ Hamler,DEN,5,20.2,WR,20.2,20.2,25.7
Kalif Raymond,TEN,4,19.5,WR,19.5,19.5,25.1
Deonte Harris,NO,6,19.1,WR,19.1,19.1,23.5
Cody Core,NYG,11,18.3,WR,18.3,18.3,22.8
Cedrick Wilson,DAL,10,13.6,WR,13.6,13.6,19.1
Seth Roberts,CAR,13,8.6,WR,8.6,8.6,12.1
Tyler Johnson,TB,13,8.6,WR,8.6,8.6,11.6
K.J. Osborn,MIN,7,8.3,WR,8.3,8.3,11.3
Justin Watson,TB,13,7.5,WR,7.5,7.5,10.5
Travis Kelce,KC,10,155.5,TE,155.5,155.5,201.5
George Kittle,SF,11,146.0,TE,146.0,146.0,188.5
Zach Ertz,PHI,9,127.5,TE,127.5,127.5,168.0
Mark Andrews,BAL,7,118.7,TE,118.7,118.7,153.4
Darren Waller,LV,6,115.9,TE,115.9,115.9,148.7
Hayden Hurst,ATL,10,105.2,TE,105.2,105.2,137.2
Chris Herndon,NYJ,10,94.9,TE,94.9,94.9,122.6
Rob Gronkowski,TB,13,94.7,TE,94.7,94.7,122.4
Evan Engram,NYG,11,94.1,TE,94.1,94.1,121.5
Noah Fant,DEN,5,91.6,TE,91.6,91.6,117.9
Tyler Higbee,LAR,9,91.5,TE,91.5,91.5,116.7
Jared Cook,NO,6,90.8,TE,90.8,90.8,116.6
Jonnu Smith,TEN,4,89.3,TE,89.3,89.3,115.8
Mike Gesicki,MIA,7,86.9,TE,86.9,86.9,114.3
Hunter Henry,LAC,6,83.6,TE,83.6,83.6,110.1
T.J. Hockenson,DET,5,81.5,TE,81.5,81.5,108.5
Austin Hooper,CLE,9,80.5,TE,80.5,80.5,107.4
Dallas Goedert,PHI,9,79.6,TE,79.6,79.6,107.0
Jack Doyle,IND,7,77.4,TE,77.4,77.4,106.1
Blake Jarwin,DAL,10,76.2,TE,76.2,76.2,98.2
Greg Olsen,SEA,6,74.5,TE,74.5,74.5,98.0
Eric Ebron,PIT,4,72.2,TE,72.2,72.2,94.7
Ian Thomas,CAR,13,70.6,TE,70.6,70.6,94.1
Darren Fells,HOU,8,68.5,TE,68.5,68.5,87.5
Dawson Knox,BUF,11,67.9,TE,67.9,67.9,85.9
Tyler Eifert,JAC,8,63.5,TE,63.5,63.5,85.0
Kyle Rudolph,MIN,7,63.1,TE,63.1,63.1,84.6
Irv Smith,MIN,7,56.9,TE,56.9,56.9,75.9
O.J. Howard,TB,13,54.8,TE,54.8,54.8,72.3
Nick Boyle,BAL,7,53.5,TE,53.5,53.5,68.5
Jimmy Graham,CHI,11,48.5,TE,48.5,48.5,68.0
David Njoku,CLE,9,47.7,TE,47.7,47.7,65.0
C.J. Uzomah,CIN,9,47.5,TE,47.5,47.5,64.0
Jordan Reed,SF,11,47.5,TE,47.5,47.5,63.7
Logan Thomas,WAS,8,46.9,TE,46.9,46.9,62.0
Jace Sternberger,GB,5,46.5,TE,46.5,46.5,61.5
Gerald Everett,LAR,9,46.5,TE,46.5,46.5,61.4
Will Dissly,SEA,6,40.9,TE,40.9,40.9,55.4
Devin Asiasi,NE,5,40.9,TE,40.9,40.9,55.4
Vance McDonald,PIT,4,40.8,TE,40.8,40.8,55.3
Robert Tonyan,GB,5,40.5,TE,40.5,40.5,55.0
Cole Kmet,CHI,11,38.9,TE,38.9,38.9,50.9
Jason Witten,LV,6,36.5,TE,36.5,36.5,50.6
Jordan Akins,HOU,8,35.1,TE,35.1,35.1,49.5
Jesse James,DET,5,35.1,TE,35.1,35.1,46.1
Maxx Williams,ARI,8,30.1,TE,30.1,30.1,42.2
Trey Burton,IND,7,29.7,TE,29.7,29.7,41.6
Anthony Firkser,TEN,4,29.1,TE,29.1,29.1,40.1
Foster Moreau,LV,6,28.5,TE,28.5,28.5,38.8
Tyler Kroft,BUF,11,27.5,TE,27.5,27.5,36.5
Ryan Griffin,NYJ,10,27.3,TE,27.3,27.3,35.5
Josh Hill,NO,6,26.5,TE,26.5,26.5,35.0
Nick Vannett,DEN,5,25.6,TE,25.6,25.6,34.2
Cameron Brate,TB,13,24.7,TE,24.7,24.7,34.0
Jeremy Sprinkle,WAS,8,24.5,TE,24.5,24.5,32.1
Blake Bell,DAL,10,20.6,TE,20.6,20.6,27.9
Ricky Seals-Jones,KC,10,20.5,TE,20.5,20.5,27.6
Dan Arnold,ARI,8,20.5,TE,20.5,20.5,27.5
Jacob Hollister,SEA,6,20.4,TE,20.4,20.4,27.0
Durham Smythe,MIA,7,17.3,TE,17.3,17.3,23.3
Deon Yelder,KC,10,14.8,TE,14.8,14.8,21.0
Demetrius Harris,CHI,11,14.6,TE,14.6,14.6,18.8
Jaeden Graham,ATL,10,14.5,TE,14.5,14.5,18.6
Chris Manhertz,CAR,13,14.2,TE,14.2,14.2,17.7
Albert Okwuegbunam,DEN,5,12.4,TE,12.4,12.4,16.8
Kaden Smith,NYG,11,11.3,TE,11.3,11.3,15.4
Mo Alie-Cox,IND,7,8.8,TE,8.8,8.8,13.3
Virgil Green,LAC,6,8.8,TE,8.8,8.8,12.8
Drew Sample,CIN,9,8.2,TE,8.2,8.2,12.7
Levine Toilolo,NYG,11,8.2,TE,8.2,8.2,12.2
Dalton Schultz,DAL,10,7.7,TE,7.7,7.7,11.7
Marcedes Lewis,GB,5,6.6,TE,6.6,6.6,10.1
Harrison Butker,KC,10,135.0,K,131.0,135.0,135.0
Justin Tucker,BAL,7,132.0,K,129.0,132.0,132.0
Wil Lutz,NO,6,132.0,K,129.0,132.0,132.0
Greg Zuerlein,DAL,10,122.0,K,118.0,122.0,122.0
Zane Gonzalez,ARI,8,122.0,K,117.0,122.0,122.0
Matt Prater,DET,5,121.0,K,116.0,121.0,121.0
Robbie Gould,SF,11,119.0,K,115.0,119.0,119.0
Dan Bailey,MIN,7,118.0,K,114.0,118.0,118.0
Sam Sloman,LAR,9,117.0,K,112.0,117.0,117.0
Chris Boswell,PIT,4,116.0,K,112.0,116.0,116.0
Jason Myers,SEA,6,116.0,K,111.0,116.0,116.0
Stephen Gostkowski,TEN,4,116.0,K,111.0,116.0,116.0
Ryan Succop,TB,13,116.0,K,111.0,116.0,116.0
Younghoe Koo,ATL,10,114.0,K,110.0,114.0,114.0
Brandon McManus,DEN,5,112.0,K,109.0,112.0,112.0
Austin Seibert,CLE,9,112.0,K,108.0,112.0,112.0
Justin Rohrwasser,NE,5,111.0,K,107.0,111.0,111.0
Rodrigo Blankenship,IND,7,111.0,K,107.0,111.0,111.0
Mason Crosby,GB,5,110.0,K,106.0,110.0,110.0
Jake Elliott,PHI,9,109.0,K,105.0,109.0,109.0
Ka'imi Fairbairn,HOU,8,108.0,K,105.0,108.0,108.0
Joey Slye,CAR,13,107.0,K,103.0,107.0,107.0
Eddy Pineiro,CHI,11,107.0,K,103.0,107.0,107.0
Josh Lambo,JAC,8,107.0,K,102.0,107.0,107.0
Randy Bullock,CIN,9,106.0,K,102.0,106.0,106.0
Tyler Bass,BUF,11,104.0,K,98.0,104.0,104.0
Graham Gano,NYG,11,103.0,K,98.0,103.0,103.0
Jason Sanders,MIA,7,101.0,K,97.0,101.0,101.0
Mike Badgley,LAC,6,99.0,K,96.0,99.0,99.0
Daniel Carlson,LV,6,99.0,K,95.0,99.0,99.0
Dustin Hopkins,WAS,8,99.0,K,94.0,99.0,99.0
Sam Ficken,NYJ,10,95.0,K,89.0,95.0,95.0
Pittsburgh Steelers,Pittsburgh Steelers,4,133.0,DEF,133.0,133.0,133.0
Los Angeles Rams,Los Angeles Rams,9,131.0,DEF,131.0,131.0,131.0
San Francisco 49ers,San Francisco 49ers,11,128.0,DEF,128.0,128.0,128.0
Kansas City Chiefs,Kansas City Chiefs,10,124.0,DEF,124.0,124.0,124.0
Philadelphia Eagles,Philadelphia Eagles,9,122.0,DEF,122.0,122.0,122.0
Baltimore Ravens,Baltimore Ravens,7,116.0,DEF,116.0,116.0,116.0
New England Patriots,New England Patriots,5,113.0,DEF,113.0,113.0,113.0
Minnesota Vikings,Minnesota Vikings,7,112.0,DEF,112.0,112.0,112.0
New Orleans Saints,New Orleans Saints,6,111.0,DEF,111.0,111.0,111.0
Buffalo Bills,Buffalo Bills,11,110.0,DEF,110.0,110.0,110.0
Indianapolis Colts,Indianapolis Colts,7,107.0,DEF,107.0,107.0,107.0
Tampa Bay Buccaneers,Tampa Bay Buccaneers,13,105.0,DEF,105.0,105.0,105.0
Houston Texans,Houston Texans,8,102.0,DEF,102.0,102.0,102.0
Denver Broncos,Denver Broncos,5,98.0,DEF,98.0,98.0,98.0
Cleveland Browns,Cleveland Browns,9,97.0,DEF,97.0,97.0,97.0
Washington Football Team,Washington Football Team,8,97.0,DEF,97.0,97.0,97.0
Jacksonville Jaguars,Jacksonville Jaguars,8,97.0,DEF,97.0,97.0,97.0
Seattle Seahawks,Seattle Seahawks,6,96.0,DEF,96.0,96.0,96.0
Carolina Panthers,Carolina Panthers,13,96.0,DEF,96.0,96.0,96.0
New York Jets,New York Jets,10,95.0,DEF,95.0,95.0,95.0
New York Giants,New York Giants,11,94.0,DEF,94.0,94.0,94.0
Detroit Lions,Detroit Lions,5,92.0,DEF,92.0,92.0,92.0
Green Bay Packers,Green Bay Packers,5,92.0,DEF,92.0,92.0,92.0
Tennessee Titans,Tennessee Titans,4,89.0,DEF,89.0,89.0,89.0
Arizona Cardinals,Arizona Cardinals,8,87.0,DEF,87.0,87.0,87.0
Los Angeles Chargers,Los Angeles Chargers,6,87.0,DEF,87.0,87.0,87.0
Chicago Bears,Chicago Bears,11,86.0,DEF,86.0,86.0,86.0
Miami Dolphins,Miami Dolphins,7,84.0,DEF,84.0,84.0,84.0
Cincinnati Bengals,Cincinnati Bengals,9,83.0,DEF,83.0,83.0,83.0
Dallas Cowboys,Dallas Cowboys,10,83.0,DEF,83.0,83.0,83.0
Atlanta Falcons,Atlanta Falcons,10,83.0,DEF,83.0,83.0,83.0
Las Vegas Raiders,Las Vegas Raiders,6,81.0,DEF,81.0,81.0,81.0
